tracker id,wiki page,country,"subnational unit (province, state)",unit,plant,chinese name,sponsor,parent,capacity (mw),status,year,region,latitude,longitude
100022,https://www.gem.wiki/Ada_Yesildag_Enerji_power_station,Turkey,Mersin,Ada Yesildag Enerji power station,Ada Yesildag Enerji power station,,Yesildag Enerji Proje Insaat A.Ş.,Yesildag Enerji Proje Insaat A.Ş.,1200,Cancelled,,non-EU Europe,36.3761,33.9322
100023,https://www.gem.wiki/Ada_Yumurtal%C4%B1k_power_station,Turkey,Adana,Ada Yumurtalık power station Unit 1,Ada Yumurtalık power station,,Suez Guney Enerji,"Engie (90%), Mimag Enerji (10%)",660,Cancelled,,non-EU Europe,36.843,35.86
100024,https://www.gem.wiki/Ada_Yumurtal%C4%B1k_power_station,Turkey,Adana,Ada Yumurtalık power station Unit 2,Ada Yumurtalık power station,,Suez Guney Enerji,"Engie (90%), Mimag Enerji (10%)",660,Cancelled,,non-EU Europe,36.843,35.86
100030,https://www.gem.wiki/Adana_Akdeniz_power_station,Turkey,Adana,Adana Akdeniz power station,Adana Akdeniz power station,,Diler Elektrik Üretim,Diler Holding,600,Cancelled,,non-EU Europe,36.8178,35.86216
100031,https://www.gem.wiki/Adana_Ceyhan_power_station,Turkey,Adana,Adana Ceyhan power station,Adana Ceyhan power station,,Yalin Enerji Sanayi A.Ş.,Yalin Enerji Sanayi A.Ş.,800,Cancelled,2015,non-EU Europe,37.0333,35.8167
100032,https://www.gem.wiki/Kilikya_power_station,Turkey,Adana,Kilikya power station Unit 1,Kilikya power station,,Atagür Enerji Üretim İnşaat,Besa Group,330,Cancelled,,non-EU Europe,36.82786,35.87151
100033,https://www.gem.wiki/Kilikya_power_station,Turkey,Adana,Kilikya power station Unit 2,Kilikya power station,,Atagür Enerji Üretim İnşaat,Besa Group,330,Cancelled,,non-EU Europe,36.82786,35.87151
100067,https://www.gem.wiki/Af%C5%9Fin-Elbistan_power_complex,Turkey,Kahramanmaraş,Afşin-Elbistan-A power station Unit 1,Afşin-Elbistan-A power station,,EÜAŞ,Çelikler Holding,370,Operating,1984,non-EU Europe,38.3472108,37.0260017
100068,https://www.gem.wiki/Af%C5%9Fin-Elbistan_power_complex,Turkey,Kahramanmaraş,Afşin-Elbistan-A power station Unit 2,Afşin-Elbistan-A power station,,EÜAŞ,Çelikler Holding,370,Operating,1984,non-EU Europe,38.3472108,37.0260017
100069,https://www.gem.wiki/Af%C5%9Fin-Elbistan_power_complex,Turkey,Kahramanmaraş,Afşin-Elbistan-A power station Unit 3,Afşin-Elbistan-A power station,,EÜAŞ,Çelikler Holding,370,Mothballed,1986,non-EU Europe,38.3472108,37.0260017
100070,https://www.gem.wiki/Af%C5%9Fin-Elbistan_power_complex,Turkey,Kahramanmaraş,Afşin-Elbistan-A power station Unit 4,Afşin-Elbistan-A power station,,EÜAŞ,Çelikler Holding,364,Mothballed,1987,non-EU Europe,38.3472108,37.0260017
100071,https://www.gem.wiki/Af%C5%9Fin-Elbistan_power_complex,Turkey,Kahramanmaraş,Afşin-Elbistan-B power station Unit 1,Afşin-Elbistan-B power station,,EÜAŞ,EÜAŞ,391,Operating,2005,non-EU Europe,38.353291,36.9810789
100072,https://www.gem.wiki/Af%C5%9Fin-Elbistan_power_complex,Turkey,Kahramanmaraş,Afşin-Elbistan-B power station Unit 2,Afşin-Elbistan-B power station,,EÜAŞ,EÜAŞ,391,Operating,2006,non-EU Europe,38.353291,36.9810789
100073,https://www.gem.wiki/Af%C5%9Fin-Elbistan_power_complex,Turkey,Kahramanmaraş,Afşin-Elbistan-B power station Unit 3,Afşin-Elbistan-B power station,,EÜAŞ,EÜAŞ,391,Operating,2006,non-EU Europe,38.353291,36.9810789
100074,https://www.gem.wiki/Af%C5%9Fin-Elbistan_power_complex,Turkey,Kahramanmaraş,Afşin-Elbistan-B power station Unit 4,Afşin-Elbistan-B power station,,EÜAŞ,EÜAŞ,391,Operating,2006,non-EU Europe,38.353291,36.9810789
100075,https://www.gem.wiki/Dinar_power_station,Turkey,Afyon,Dinar power station,Dinar power station,,Turkish Coal Enterprise,TBD,3500,Announced,,non-EU Europe,38.064,30.167
100076,https://www.gem.wiki/A%C4%9Fan_power_station,Turkey,Çanakkale,Ağan power station Unit 1,Ağan power station,,DD Elektrik,Doğanlar Holding,790,Cancelled,,non-EU Europe,40.44982294,27.30435562
100088,https://www.gem.wiki/Akdeniz_Enerji_power_station,Turkey,Mersin,Akdeniz Enerji power station,Akdeniz Enerji power station,,Nurol Enerji Üretim,Nurol Enerji Üretim,1600,Cancelled,,non-EU Europe,36.201759,33.671397
100097,https://www.gem.wiki/Aksa_power_station,Turkey,Yalova,Aksa power station,Aksa power station,,Aksa Akrilik Kimya Sanayii,Akkök Group,142,Operating,2013,non-EU Europe,40.68927,29.40495
100125,https://www.gem.wiki/Alia%C4%9Fa_Enka_power_station,Turkey,İzmir,Aliağa Enka power station,Aliağa Enka power station,,Enka Enerji Üretim,ENKA,800,Cancelled,,non-EU Europe,38.746,26.912
100145,https://www.gem.wiki/Amasra_Bart%C4%B1n_power_station,Turkey,Bartın,Amasra Bartın power station Unit 1,Amasra Bartın power station,,Bati Karadeniz Elektrik Üretim A.Ş.,Hattat Holding,600,Cancelled,,non-EU Europe,41.72704,32.34971
100389,https://www.gem.wiki/Astoria_Ceyhan_power_station,Turkey,Adana,Astoria Ceyhan power station Unit 1,Astoria Ceyhan power station,,Astoria İç ve Dış Ticaret A.Ş.,Astoria İç ve Dış Ticaret A.Ş.,660,Cancelled,,non-EU Europe,36.90659,35.96236
100390,https://www.gem.wiki/Astoria_Ceyhan_power_station,Turkey,Adana,Astoria Ceyhan power station Unit 2,Astoria Ceyhan power station,,Astoria İç ve Dış Ticaret A.Ş.,Astoria İç ve Dış Ticaret A.Ş.,660,Cancelled,,non-EU Europe,36.90659,35.96236
100392,https://www.gem.wiki/Ataka%C5%9F_power_station,Turkey,Hatay,Atakaş power station,Atakaş power station,,Atakaş Elektrik Üretim,Atakaş Group,660,Cancelled,,non-EU Europe,36.6971,36.2042
100401,https://www.gem.wiki/Atlas_Enerji_power_station,Turkey,Hatay,Atlas Enerji power station Unit 1,Atlas Enerji power station,,Atlas Enerji Üretim A.Ş.,Diler Holding,600,Operating,2014,non-EU Europe,36.69028,36.20909
100413,https://www.gem.wiki/Babadere_power_station,Turkey,Çanakkale,Babadere power station,Babadere power station,,Nurol Enerji Üretim,Nurol Enerji Üretim,1600,Cancelled,,non-EU Europe,39.609,26.189
100503,https://www.gem.wiki/Band%C4%B1rma_Elektrik_power_station,Turkey,Balıkesir,Bandırma Elektrik power station,Bandırma Elektrik power station,,Bahçepınar Enerji Üretim ve İnşaat A.Ş.,Bahçepınar Enerji Üretim ve İnşaat A.Ş.,1600,Cancelled,,non-EU Europe,40.30593,27.7272
100504,https://www.gem.wiki/Band%C4%B1rma_Karat_power_station,Turkey,Balıkesir,Bandırma Karat power station,Bandırma Karat power station,,Karat Elektrik Üretim ve Ticaret,Karat Elektrik Üretim ve Ticaret,1200,Cancelled,,non-EU Europe,40.357,27.975
100609,https://www.gem.wiki/Barbaros-1_power_station,Turkey,Sinop,Barbaros-1 power station,Barbaros-1 power station,,Permak Enerji Üretim ve Dağıtım,Permak Group,610,Cancelled,,non-EU Europe,41.803,35.194
100862,https://www.gem.wiki/Biga_power_station,Turkey,Çanakkale,Biga power station Unit 1,Biga power station,,Biga Elektrik,Biga Elektrik,770,Cancelled,,non-EU Europe,40.47233,27.28625
100886,https://www.gem.wiki/Bing%C3%B6l_power_station,Turkey,Bingöl,Bingöl power station,Bingöl power station,,Aksa Enerji Üretim A.Ş.,Kazancı Holding,150,Cancelled,,non-EU Europe,39.31575,40.889156
101003,https://www.gem.wiki/Bolu_G%C3%B6yn%C3%BCk_power_station,Turkey,Bolu,Bolu Göynük power station Unit 1,Bolu Göynük power station,,Aksa Enerji Üretim A.Ş.,Kazancı Holding,135,Operating,2015,non-EU Europe,40.2514,30.8129
101004,https://www.gem.wiki/Bolu_G%C3%B6yn%C3%BCk_power_station,Turkey,Bolu,Bolu Göynük power station Unit 2,Bolu Göynük power station,,Aksa Enerji Üretim A.Ş.,Kazancı Holding,135,Operating,2015,non-EU Europe,40.2514,30.8129
101119,https://www.gem.wiki/Burnaz_power_station,Turkey,Hatay,Burnaz power station,Burnaz power station,,EÜAŞ,Burnaz Elektrik Üretim A.Ş.,300,Cancelled,2015,non-EU Europe,36.4918592,36.1920918
101120,https://www.gem.wiki/Bursa_power_station,Turkey,Bursa,Bursa power station,Bursa power station,,Çelikler Elektrik Üretim,Çelikler Holding,270,Cancelled,,non-EU Europe,39.90331,29.17746
101157,https://www.gem.wiki/%C3%87al%C4%B1%C5%9Fkan_Ceyhan_power_station,Turkey,Adana,Çalışkan Ceyhan power station Unit 1,Çalışkan Ceyhan power station,,Çalışkan Enerji,Çalışkan Enerji,660,Cancelled,,non-EU Europe,36.93815,35.99446
101158,https://www.gem.wiki/%C3%87al%C4%B1%C5%9Fkan_Ceyhan_power_station,Turkey,Adana,Çalışkan Ceyhan power station Unit 2,Çalışkan Ceyhan power station,,Çalışkan Enerji,Çalışkan Enerji,660,Cancelled,,non-EU Europe,36.93815,35.99446
101181,https://www.gem.wiki/%C3%87an-1_power_station,Turkey,Çanakkale,Çan-1 power station Unit 1,Çan-1 power station,,EÜAŞ,EÜAŞ,160,Operating,2003,non-EU Europe,40.0232395,26.9768366
101182,https://www.gem.wiki/%C3%87an-1_power_station,Turkey,Çanakkale,Çan-1 power station Unit 2,Çan-1 power station,,EÜAŞ,EÜAŞ,160,Operating,2003,non-EU Europe,40.0232395,26.9768366
101183,https://www.gem.wiki/%C3%87an-2_power_station,Turkey,Çanakkale,Çan-2 power station,Çan-2 power station,,Çan Kömür ve İnşaat,Odaş Enerji,330,Operating,2018,non-EU Europe,40.0343524,26.9505736
101194,https://www.gem.wiki/%C3%87ank%C4%B1r%C4%B1_Bereket_power_station,Turkey,Cankiri,Çankırı Orta Bereket power station,Çankırı Bereket power station,,Bereket Enerji,Çalık Holding,135,Shelved,,non-EU Europe,40.623886,33.112751
101195,https://www.gem.wiki/%C3%87ank%C4%B1r%C4%B1_Orta_power_station,Turkey,Çankırı,Çankırı Orta power station,Çankırı Orta power station,,Çalık Enerji,Çalık Holding,150,Cancelled,,non-EU Europe,40.623886,33.112751
101196,https://www.gem.wiki/%C3%87ank%C4%B1r%C4%B1_Y%C4%B1ld%C4%B1zlar_power_station,Turkey,Çankırı,Çankırı Yıldızlar power station Unit 1,Çankırı Yıldızlar power station,,3S Enerji ve Maden Üretim,Yıldızlar SSS Holding,133,Cancelled,,non-EU Europe,40.6078,33.3202
101197,https://www.gem.wiki/%C3%87ank%C4%B1r%C4%B1_Y%C4%B1ld%C4%B1zlar_power_station,Turkey,Çankırı,Çankırı Yıldızlar power station Unit 2,Çankırı Yıldızlar power station,,3S Enerji ve Maden Üretim,Yıldızlar SSS Holding,133,Cancelled,,non-EU Europe,40.6078,33.3202
101198,https://www.gem.wiki/%C3%87ank%C4%B1r%C4%B1_Y%C4%B1ld%C4%B1zlar_power_station,Turkey,Çankırı,Çankırı Yıldızlar power station Unit 3,Çankırı Yıldızlar power station,,3S Enerji ve Maden Üretim,Yıldızlar SSS Holding,133,Cancelled,,non-EU Europe,40.6078,33.3202
101238,https://www.gem.wiki/%C3%87atala%C4%9Fz%C4%B1_power_station,Turkey,Zonguldak,Çatalağzı power station Unit 1,Çatalağzı-B power station,,Bereket Enerji,Bereket Enerji,157,Operating,1989,non-EU Europe,41.517402,31.900198
101239,https://www.gem.wiki/%C3%87atala%C4%9Fz%C4%B1_power_station,Turkey,Zonguldak,Çatalağzı power station Unit 2,Çatalağzı-B power station,,Bereket Enerji,Bereket Enerji,157,Operating,1991,non-EU Europe,41.517402,31.900198
101242,https://www.gem.wiki/%C3%87ay%C4%B1rhan_power_station,Turkey,Ankara,Çayırhan power station Unit 1,Çayırhan power station,,Park Enerji,Ciner Holding,150,Operating,1987,non-EU Europe,40.097,31.695
101243,https://www.gem.wiki/%C3%87ay%C4%B1rhan_power_station,Turkey,Ankara,Çayırhan power station Unit 2,Çayırhan power station,,Park Enerji,Ciner Holding,150,Operating,1987,non-EU Europe,40.097,31.695
101244,https://www.gem.wiki/%C3%87ay%C4%B1rhan_power_station,Turkey,Ankara,Çayırhan power station Unit 3,Çayırhan power station,,Park Enerji,Ciner Holding,160,Operating,1999,non-EU Europe,40.097,31.695
101245,https://www.gem.wiki/%C3%87ay%C4%B1rhan_power_station,Turkey,Ankara,Çayırhan power station Unit 4,Çayırhan power station,,Park Enerji,Ciner Holding,160,Operating,2000,non-EU Europe,40.097,31.695
101248,https://www.gem.wiki/%C3%87ebi_Enerji_power_station,Turkey,Tekirdağ,Çebi Enerji power station Unit 1,Çebi Enerji power station,,Çebi Enerji,Kaptan Şirketler Group,350,Cancelled,,non-EU Europe,41.013446,27.961648
101249,https://www.gem.wiki/%C3%87ebi_Enerji_power_station,Turkey,Tekirdağ,Çebi Enerji power station Unit 2,Çebi Enerji power station,,Çebi Enerji,Kaptan Şirketler Group,350,Cancelled,,non-EU Europe,41.013446,27.961648
101252,https://www.gem.wiki/%C3%87elikler_Yumurtal%C4%B1k_power_station,Turkey,Adana,Çelikler Yumurtalık power station Unit 1,Çelikler Yumurtalık power station,,Çelikler Termik Elektrik Üretim,Çelikler Holding,660,Cancelled,,non-EU Europe,36.86788,35.90949
101253,https://www.gem.wiki/%C3%87elikler_Yumurtal%C4%B1k_power_station,Turkey,Adana,Çelikler Yumurtalık power station Unit 2,Çelikler Yumurtalık power station,,Çelikler Termik Elektrik Üretim,Çelikler Holding,660,Cancelled,,non-EU Europe,36.86788,35.90949
101259,https://www.gem.wiki/Karabiga_Cenal_power_station,Turkey,Çanakkale,Cenal power station Unit 1,Cenal power station,,Cenal Elektrik,"Alarko Holding A.Ş. (50%), Cengiz Holding A.Ş. (50%)",660,Operating,2017,non-EU Europe,40.4167,27.31829
101260,https://www.gem.wiki/Karabiga_Cenal_power_station,Turkey,Çanakkale,Cenal power station Unit 2,Cenal power station,,Cenal Elektrik,"Alarko Holding A.Ş. (50%), Cengiz Holding A.Ş. (50%)",660,Operating,2017,non-EU Europe,40.4167,27.31829
101595,https://www.gem.wiki/%C3%87%C4%B1rp%C4%B1lar_power_station,Turkey,Çanakkale,Çırpılar power station,Çırpılar power station,,Taşzemin İnşaat,Taşyapı Group,200,Cancelled,,non-EU Europe,39.816777,27.339752
102299,https://www.gem.wiki/Demirta%C5%9F_power_station,Turkey,Adana,Demirtaş power station,Demirtaş power station,,Beysu Enerji Üretim A.Ş.,Beysu Enerji Üretim A.Ş.,119,Cancelled,2015,non-EU Europe,36.780693,35.735779
102319,https://www.gem.wiki/Deniz_power_station,Turkey,İzmir,Deniz power station,Deniz power station,,Meles Elektrik Uretim A.Ş.,Limak Holding,1320,Cancelled,,non-EU Europe,38.746,26.912
102375,https://www.gem.wiki/Diler_Elbistan_power_station,Turkey,Kahramanmaraş,Diler Elbistan power station Unit 1,Diler Elbistan power station,,Diler Elektrik Üretim,Diler Holding,200,Pre-permit,,non-EU Europe,38.17,37.37
102442,https://www.gem.wiki/DOSAB_cogeneration_plant,Turkey,Bursa,DOSAB cogeneration plant,DOSAB cogeneration plant,,DOSAB,DOSAB,50,Cancelled,,non-EU Europe,40.243172,28.96442
102572,https://www.gem.wiki/Ece_power_station,Turkey,Adana,Ece power station,Ece power station,,Çukurova Demtaş Enerji Üretim,Çukurova Demtaş Enerji Üretim,600,Cancelled,,non-EU Europe,36.780693,35.735779
102624,https://www.gem.wiki/EMBA_Hunutlu_power_station,Turkey,Adana,EMBA Hunutlu power station Unit 1,EMBA Hunutlu power station,,Emba Elektrik Üretim,"State Power Investment Corporation, AVIC International Holding Corporation, two Turkish local investors",660,Construction,2022,non-EU Europe,36.81609,35.85481
102625,https://www.gem.wiki/EMBA_Hunutlu_power_station,Turkey,Adana,EMBA Hunutlu power station Unit 2,EMBA Hunutlu power station,,Emba Elektrik Üretim,"State Power Investment Corporation, AVIC International Holding Corporation, two Turkish local investors",660,Construction,2022,non-EU Europe,36.81609,35.85481
102665,https://www.gem.wiki/Enyat_Samsun_power_station,Turkey,Samsun,Enyat Samsun power station,Enyat Samsun power station,,Enyat Enerji Yatırımları ve Elektrik Üretim Ticaret Ltd. Şti.,Enyat Enerji Yatırımları ve Elektrik Üretim Ticaret Ltd. Şti.,150,Cancelled,,non-EU Europe,40.97,35.67
102676,https://www.gem.wiki/Ergene_power_station,Turkey,Tekirdağ,Ergene power station,Ergene power station,,Modern Karton,Eren Holding,170,Shelved,,non-EU Europe,41.2408,27.6967
102683,https://www.gem.wiki/Alpu_power_station,Turkey,Eskişehir,Alpu power station Unit 1,Alpu power station,,"EÜAŞ, Turkish Coal Enterprise","EÜAŞ, Turkish Coal Enterprise",360,Pre-permit,,non-EU Europe,39.897,30.862
102686,https://www.gem.wiki/Evrese_power_station,Turkey,Çanakkale,Evrese power station,Evrese power station,,Akkan Enerji A.Ş.,Akkan Enerji A.Ş.,135,Cancelled,2016,non-EU Europe,40.416667,26.666667
102694,https://www.gem.wiki/K%C4%B1n%C4%B1k_power_station,Turkey,İzmir,Kınık power station Unit 1,Kınık power station,,Polyak Eynez Enerji Üretim Madencilik Sanayi ve Ticaret,Polyak Eynez Enerji Üretim Madencilik Sanayi ve Ticaret,350,Permitted,2021,non-EU Europe,39.084,27.45
102762,https://www.gem.wiki/Filyos_power_station,Turkey,Zonguldak,Filyos power station,Filyos power station,,Nurol Enerji Üretim,Nurol Enerji Üretim,1600,Cancelled,,non-EU Europe,41.57543,32.05965
102972,https://www.gem.wiki/Gebze_%C3%87olako%C4%9Flu_power_station,Turkey,Kocaeli,Gebze Çolakoğlu power station Unit 1,Gebze Çolakoğlu power station,,Marmara Elektrik,Çolakoğlu Group,190,Operating,2003,non-EU Europe,40.77758,29.5385643
103008,https://www.gem.wiki/Gerze_power_station,Turkey,Sinop,Gerze power station,Gerze power station,,Gerze Enerji Santrali,Anadolu Group,1200,Cancelled,2013,non-EU Europe,41.86621,35.12424
103083,https://www.gem.wiki/G%C3%B6lovas%C4%B1_power_station,Turkey,Adana,Gölovası power station,Gölovası power station,,Suba Enerji Üretim,Global Yatırım Holding,660,Cancelled,,non-EU Europe,36.85356,35.89809
103087,https://www.gem.wiki/G%C3%B6nen_power_station,Turkey,Balıkesir,Gönen power station,Gönen power station,,TGR Enerji,Inter RAO,300,Cancelled,,non-EU Europe,40.1,27.65
103241,https://www.gem.wiki/G%C3%BCney_Akdeniz_power_station,Turkey,Hatay,Güney Akdeniz power station Unit 1,Güney Akdeniz power station,,Papatya Elektrik Üretim,Papatya Elektrik Üretim,660,Shelved,,non-EU Europe,36.416667,35.883333
103242,https://www.gem.wiki/G%C3%BCney_Akdeniz_power_station,Turkey,Hatay,Güney Akdeniz power station Unit 2,Güney Akdeniz power station,,Papatya Elektrik Üretim,Papatya Elektrik Üretim,660,Shelved,,non-EU Europe,36.416667,35.883333
103243,https://www.gem.wiki/G%C3%BCneybat%C4%B1_Anadolu_power_station,Turkey,Muğla,Güneybatı Anadolu power station,Güneybatı Anadolu power station,,Bereket Enerji,Bereket Enerji,660,Cancelled,,non-EU Europe,37.31,27.78
103486,https://www.gem.wiki/G%C3%BCreci_power_station,Turkey,Çanakkale,Güreci power station,Güreci power station,,Atlas Enerji Üretim A.Ş.,Diler Holding,1320,Cancelled,,non-EU Europe,40.343889,26.683611
103487,https://www.gem.wiki/Gurmin_Enerji_Amasya_power_station,Turkey,Amasya,Suluova Power Station,Suluova Power Station,,Suluova Enerji Üretim Madencilik Sanayi ve Ticaret A.Ş.,Polat Madencilik San. ve Tic. A.Ş.,270,Cancelled,,non-EU Europe,40.889,35.597
103523,https://www.gem.wiki/Haba%C5%9F_power_station,Turkey,İzmir,Habaş power station,Habaş power station,,Habaş Sanayi ve Tıbbi Gazlar İstihsal Endüstrisi A.Ş.,Habaş Group,600,Cancelled,2014,non-EU Europe,38.77273,26.94599
103559,https://www.gem.wiki/Hakan_Enerji_power_station,Turkey,Adana,Hakan Enerji power station,Hakan Enerji power station,,Hakan Madencilik ve Elektrik Üretim Sanayi Ticaret,Hakan Madencilik ve Elektrik Üretim Sanayi Ticaret,100,Cancelled,,non-EU Europe,36.84343,35.886929
103618,https://www.gem.wiki/Hande_power_station,Turkey,Adana,Hande power station,Hande power station,,Çukurova Demtaş Enerji Üretim,Çukurova Demtaş Enerji Üretim,600,Cancelled,,non-EU Europe,36.780693,35.735779
103750,https://www.gem.wiki/HEMA_Amasra_power_station,Turkey,Bartin,HEMA Amasra power station Unit 1,HEMA Amasra power station,,HEMA Elektrik Üretim A.Ş.,Hattat Holding,660,Shelved,,non-EU Europe,41.723,32.349
104820,https://www.gem.wiki/%C4%B0%C3%87DA%C5%9E_Biga_power_station,Turkey,Çanakkale,İÇDAŞ Biga-2 power station Unit 1,İÇDAŞ Biga-2 power station,,İÇDAŞ Elektrik Enerjisi Üretim ve Yatırım A.Ş.,İÇDAŞ ,600,Operating,2011,non-EU Europe,40.39953,27.04973
104821,https://www.gem.wiki/%C4%B0%C3%87DA%C5%9E_Biga_power_station,Turkey,Çanakkale,İÇDAŞ Biga-2 power station Unit 2,İÇDAŞ Biga-2 power station,,İÇDAŞ Elektrik Enerjisi Üretim ve Yatırım A.Ş.,İÇDAŞ ,600,Operating,2015,non-EU Europe,40.39953,27.04973
104822,https://www.gem.wiki/%C4%B0%C3%87DA%C5%9E_Biga_power_station,Turkey,Çanakkale,İÇDAŞ Biga-1 power station Unit 1,İÇDAŞ Biga-1 power station,,İÇDAŞ Elektrik Enerjisi Üretim ve Yatırım A.Ş.,İÇDAŞ ,135,Operating,2005,non-EU Europe,40.4438,27.13067
104823,https://www.gem.wiki/%C4%B0%C3%87DA%C5%9E_Biga_power_station,Turkey,Çanakkale,İÇDAŞ Biga-1 power station Unit 2,İÇDAŞ Biga-1 power station,,İÇDAŞ Elektrik Enerjisi Üretim ve Yatırım A.Ş.,İÇDAŞ ,135,Operating,2009,non-EU Europe,40.4438,27.13067
104824,https://www.gem.wiki/%C4%B0%C3%87DA%C5%9E_Biga_power_station,Turkey,Çanakkale,İÇDAŞ Biga-1 power station Unit 3,İÇDAŞ Biga-1 power station,,İÇDAŞ Elektrik Enerjisi Üretim ve Yatırım A.Ş.,İÇDAŞ ,135,Operating,2009,non-EU Europe,40.4438,27.13067
104831,https://www.gem.wiki/Ilg%C4%B1n_power_station,Turkey,Konya,Ilgın power station Unit 1,Ilgın power station,,Konya Ilgın Elektrik Üretim ve Ticaret,Ciner Holding,250,Permitted,,non-EU Europe,38.26,31.91
104903,https://www.gem.wiki/Irmak_power_station,Turkey,Çanakkale,Irmak power station,Irmak power station,,Bıçakcılar Çandarlı Elektrik Üretim A.Ş.,Bıçakcılar Çandarlı Elektrik Üretim A.Ş.,1320,Cancelled,,non-EU Europe,39.79,26.3325
104915,https://www.gem.wiki/%C4%B0sken_Sug%C3%B6z%C3%BC_power_station,Turkey,Adana,İsken Sugözü power station Unit 1,İsken Sugözü power station,,Iskenderun Enerji,"OYAK, Steag",605,Operating,2003,non-EU Europe,36.8350199,35.8791039
104916,https://www.gem.wiki/%C4%B0sken_Sug%C3%B6z%C3%BC_power_station,Turkey,Adana,İsken Sugözü power station Unit 2,İsken Sugözü power station,,Iskenderun Enerji,"OYAK, Steag",605,Operating,2003,non-EU Europe,36.8350199,35.8791039
104917,https://www.gem.wiki/%C4%B0skenderun_power_station,Turkey,İskenderun,İskenderun power station,İskenderun power station,,Yıldırım Enerji Yatırımları and Shenhua Guohua Power,"National Energy Investment Group, Yıldırım Group",2000,Cancelled,,non-EU Europe,36.587,36.173
104927,https://www.gem.wiki/%C4%B0zdemir_Enerji_power_station,Turkey,İzmir,İzdemir Enerji power station Unit 1,İzdemir Enerji power station,,İzdemir Enerji Elektrik Üretim A.Ş.,İDÇ Steel,350,Operating,2014,non-EU Europe,38.74173,26.92917
104928,https://www.gem.wiki/Iztek_Ceyhan_Komur_power_station,Turkey,Adana,Iztek Ceyhan Komur power station,Iztek Ceyhan Komur power station,,Izmir Termik Elektrik  Üretim ve Ticaret A.Ş.,Izmir Termik Elektrik Üretim ve Ticaret A.Ş.,600,Cancelled,2015,non-EU Europe,37.0333,35.8167
105432,https://www.gem.wiki/Kahramanmara%C5%9F_Anadolu_power_station,Turkey,Kahramanmaraş,Kahramanmaraş Anadolu power station Unit 1,Kahramanmaraş Anadolu power station,,Anadolu Enerji,Ege Trade,500,Cancelled,,non-EU Europe,38.350818,37.00706
105536,https://www.gem.wiki/Kandilli_power_station,Turkey,Zonguldak,Kandilli power station,Kandilli power station,,HEMA Elektrik Üretim A.Ş.,Hattat Holding,150,Cancelled,,non-EU Europe,41.33935,31.51114
105538,https://www.gem.wiki/Kangal_Etyemez_power_station,Turkey,Sivas,Kangal Etyemez power station,Kangal Etyemez power station,,Tam Enerji Üretim,Soyak Holding,135,Pre-permit,,non-EU Europe,39.07743,37.29562
105539,"https://www.gem.wiki/Kangal,_Sivas_Power_Station",Turkey,Sivas,Kangal power station Unit 1,Kangal power station,,Kangal Termik Santral Elektrik,Anadolu Birlik Holding,179,Operating,1989,non-EU Europe,39.077483,37.2949732
105540,"https://www.gem.wiki/Kangal,_Sivas_Power_Station",Turkey,Sivas,Kangal power station Unit 2,Kangal power station,,Kangal Termik Santral Elektrik,Anadolu Birlik Holding,179,Operating,1990,non-EU Europe,39.077483,37.2949732
105541,"https://www.gem.wiki/Kangal,_Sivas_Power_Station",Turkey,Sivas,Kangal power station Unit 3,Kangal power station,,Kangal Termik Santral Elektrik,Anadolu Birlik Holding,179,Operating,2000,non-EU Europe,39.077483,37.2949732
105557,http://www.enerjiatlasi.com/komur/karabuk-demir-celik-termik-santrali.html,Turkey,Zonguldak,Kardemir Karabük Demir Çelik power station,Kardemir Karabük Demir Çelik power station,,Kardemir A.Ş. ,Kardemir A.Ş.,"77,5",Operating,2007,non-EU Europe,41.51,31.9
105558,https://www.gem.wiki/Karaburun_power_station,Turkey,Çanakkale,Karaburun power station Unit 1,Karaburun power station,,Sarıkaya Elektrik,Yıldırım Group,660,Permitted,2022,non-EU Europe,40.446,27.287
105559,https://www.gem.wiki/Karaburun_power_station,Turkey,Çanakkale,Karaburun power station Unit 2,Karaburun power station,,Sarıkaya Elektrik,Yıldırım Group,660,Permitted,2022,non-EU Europe,40.446,27.287
105586,https://www.gem.wiki/Karapinar_Konya_%C5%9Eeker_power_station,Turkey,Konya,Karapinar Konya Şeker power station,Karapinar Konya Şeker power station,,Konya Şeker,Anadolu Birlik Holding,2000,Cancelled,,non-EU Europe,37.716,33.554
105653,https://www.gem.wiki/Kemerk%C3%B6y_power_station,Turkey,Muğla,Kemerköy power station Unit 1,Kemerköy power station,,Yeniköy Kemerköy Elektrik,"IC Holding, Limak Holding",210,Operating,1994,non-EU Europe,37.0353617,27.9005923
105654,https://www.gem.wiki/Kemerk%C3%B6y_power_station,Turkey,Muğla,Kemerköy power station Unit 2,Kemerköy power station,,Yeniköy Kemerköy Elektrik,"IC Holding, Limak Holding",210,Operating,1994,non-EU Europe,37.0353617,27.9005923
105655,https://www.gem.wiki/Kemerk%C3%B6y_power_station,Turkey,Muğla,Kemerköy power station Unit 3,Kemerköy power station,,İÇTAŞ Enerji Üretim ve Ticaret A.Ş.,İÇDAŞ ,210,Operating,1995,non-EU Europe,37.0353617,27.9005923
105741,https://www.gem.wiki/Bandirma_III_power_station,Turkey,Balıkesir,Bandırma III power station,Bandırma III power station,,Enerjisa Enerji Üretim A.Ş.,Enerjisa Enerji Üretim A.Ş.,810,Cancelled,,non-EU Europe,39.385,27.533
105774,https://www.gem.wiki/Kirazl%C4%B1dere_power_complex,Turkey,Çanakkale,Kirazlidere Thermal Power Plant-1,Kirazlıdere power complex,,Filiz Enerji,Yıldırım Group,800,Permitted,2021,non-EU Europe,40.38227,26.99455
105775,https://www.gem.wiki/Kirazl%C4%B1dere_power_complex,Turkey,Çanakkale,Kirazlidere Thermal Power Plant-2,Kirazlıdere power complex,,Filiz Enerji,Yıldırım Group,800,Permitted,2021,non-EU Europe,40.38227,26.99455
105776,https://www.gem.wiki/Kire%C3%A7lik_power_station,Turkey,Zonguldak,Kireçlik power station,Kireçlik power station,,HEMA Elektrik Üretim A.Ş.,Hattat Holding,1200,Cancelled,,non-EU Europe,41.3689442,31.5878358
105791,https://www.gem.wiki/K%C4%B1van%C3%A7_Mersin_power_station,Turkey,Mersin,Kıvanç power station,Kıvanç power station,,Karataş Termik Üretim Santral Elektrik Madencilik Sanayi ve Ticaret,Karataş Termik Üretim Santral Elektrik Madencilik Sanayi ve Ticaret,825,Cancelled,,non-EU Europe,36.34,33.4
105848,https://www.gem.wiki/Konya_Karap%C4%B1nar_power_station,Turkey,Konya,Konya Karapınar power station,Konya Karapınar power station,,EÜAŞ,EÜAŞ,5000,Announced,,non-EU Europe,37.614187,33.591193
106045,https://www.gem.wiki/K%C3%BCtahya_Domani%C3%A7_power_station,Turkey,Kütahya,Kütahya Domaniç power station,Kütahya Domaniç power station,,Çelikler Taahhüt İnşaat,Çelikler Holding,300,Cancelled,,non-EU Europe,39.8,29.61
106473,https://www.gem.wiki/L%C3%BCminer_Enerji_power_station,Turkey,Tekirdağ,Lüminer Enerji power station,Lüminer Enerji power station,,Lüminer Enerji Elektrik Üretim,Lüminer Enerji Elektrik Üretim,160,Cancelled,,non-EU Europe,40.892,26.901
106779,https://www.gem.wiki/Meda_power_station,Turkey,Tekirdağ,Meda power station,Meda power station,,Azrataş Elektrik Üretim,Azrataş Elektrik Üretim,770,Cancelled,,non-EU Europe,40.972709,27.876831
106884,https://www.gem.wiki/Mersin_G%C3%BClnar_power_station,Turkey,Mersin,Mersin Gülnar power station,Mersin Gülnar power station,,Buğra Enerji Üretimi,Oba Yatırım A.Ş.,373,Cancelled,,non-EU Europe,36.33,33.4
106885,https://www.gem.wiki/Mert_power_station,Turkey,Hatay,Mert power station,Mert power station,,Egemer Elektrik Üretim,Egemer Elektrik Üretim,1200,Cancelled,2015,non-EU Europe,36.953333,36.203333
106889,https://www.gem.wiki/METES_power_station,Turkey,Mersin,METES power station Unit 1,METES power station,,Eren Enerji Elektrik Üretim A.Ş.,Eren Holding,1000,Cancelled,,non-EU Europe,36.24,33.75
106890,https://www.gem.wiki/METES_power_station,Turkey,Mersin,METES power station Unit 2,METES power station,,Eren Enerji Elektrik Üretim A.Ş.,Eren Holding,1000,Cancelled,,non-EU Europe,36.24,33.75
106952,https://www.gem.wiki/Ayas_power_station,Turkey,Adana,Ayas power station,Ayas power station,,Ayas Enerji Üretim Veticaret A.Ş.,"OYAK, Koç Holding",625,Cancelled,,non-EU Europe,36.82211,35.86753
107078,https://www.gem.wiki/Mu%C4%9Fla_power_station,Turkey,Muğla,Muğla power station,Muğla power station,,Turkish Coal Enterprise,TBD,300,Cancelled,,non-EU Europe,37.15,27.805
107210,https://www.gem.wiki/Namal_power_station,Turkey,Çanakkale,Namal power station,Namal power station,,Namal Elektrik Üretim,Namal Elektrik Üretim,1000,Cancelled,,non-EU Europe,40.343889,26.683611
107288,https://www.gem.wiki/Naren_Karabiga_power_station,Turkey,Çanakkale,Naren Karabiga power station Unit 1,Naren Karabiga power station,,Naren Enerji Elektrik Üretim A.Ş.,Naren Enerji Elektrik Üretim A.Ş.,980,Cancelled,,non-EU Europe,40.4580657,27.2549938
107289,https://www.gem.wiki/Naren_Karabiga_power_station,Turkey,Çanakkale,Naren Karabiga power station Unit 2,Naren Karabiga power station,,Naren Enerji Elektrik Üretim A.Ş.,Naren Enerji Elektrik Üretim A.Ş.,980,Cancelled,,non-EU Europe,40.4580657,27.2549938
107675,https://www.gem.wiki/Orhaneli_power_station,Turkey,Bursa,Orhaneli power station Unit 1,Orhaneli power station,,Çelikler Orhaneli Tunçbilek Elektrik Üretim,Çelikler Holding,210,Operating,1992,non-EU Europe,39.9502243,28.8702144
107944,https://www.gem.wiki/Petkim_power_station,Turkey,İzmir,Petkim power station,Petkim power station,,Socar Power Enerji,Socar Group,205,Cancelled,2016,non-EU Europe,38.795,26.970278
108070,https://www.gem.wiki/Polat_power_station,Turkey,Kütahya,Polat power station Unit 1,Polat power station,,Polat Elektrik,Polat Elektrik,51,Operating,2013,non-EU Europe,39.616008,29.4429042
108071,https://www.gem.wiki/Polat_power_station,Turkey,Kütahya,Polat power station Unit 2,Polat power station,,Polat Elektrik,Polat Elektrik,300,Cancelled,,non-EU Europe,39.616008,29.4429042
108755,https://www.gem.wiki/Saltukova_power_station,Turkey,Zonguldak,Saltukova power station,Saltukova power station,,Çebi Metal San. Tic.,Kaptan Şirketler Group,350,Cancelled,,non-EU Europe,41.519,32.094
108800,https://www.gem.wiki/Sanko_G%C3%B6lba%C5%9F%C4%B1_power_station,Turkey,Adıyaman,Sanko Gölbaşı power station,Sanko Gölbaşı power station,,Sanko Energy,Sanko Holding,150,Cancelled,,non-EU Europe,37.8197187,37.7185124
108801,https://www.gem.wiki/Sanko_Yumurtal%C4%B1k_power_station,Turkey,Adana,Sanko Yumurtalık power station Unit 1,Sanko Yumurtalık power station,,Sanko Petrokimya Mam. San. Tic.,Sanko Holding,800,Shelved,,non-EU Europe,36.876,35.894
108829,https://www.gem.wiki/Saray_Tekirda%C4%9F_power_station,Turkey,Tekirdağ,Saray Tekirdağ power station,Saray Tekirdağ power station,,Başat Enerji,Taşyapı Group,300,Cancelled,,non-EU Europe,41.445,27.921
108830,https://www.gem.wiki/Sarp_Golvasi_power_station,Turkey,Adana,Sarp Golvasi power station,Sarp Golvasi power station,,Sarp Enerji,Sarp Enerji,1200,Cancelled,2015,non-EU Europe,37.368333,35.706111
108906,https://www.gem.wiki/Sedef_Energy_Power_Plant,Turkey,Adana,Sedef II TES power station,Sedef II TES power station,,"İpekyolu Enerji, Akfen Enerji (50-50 partnership)","Akfen Group, İpekyolu Enerji",600,Cancelled,2017,non-EU Europe,36.843,35.86
108913,https://www.gem.wiki/Selena_power_station,Turkey,Hatay,Selena power station Unit 1,Selena power station,,Selena Elektrik Üretim A.Ş.,Bendis Enerji,450,Cancelled,,non-EU Europe,36.9214725,36.0475297
108941,https://www.gem.wiki/%C5%9Eevketiye_Lapseki_power_station,Turkey,Çanakkale,Şevketiye Lapseki power station,Şevketiye Lapseki power station,,Kaptan Demir Çelik Endüstrisi,Kaptan Şirketler Group,1320,Cancelled,,non-EU Europe,40.395,26.792
108943,https://www.gem.wiki/Seyit%C3%B6mer_power_station,Turkey,Kütahya,Seyitömer power station Unit 1,Seyitömer power station,,Çelikler Seyitömer Elektrik Üretim A.Ş.,Çelikler Holding,150,Operating,1973,non-EU Europe,39.5729671,29.8816403
108944,https://www.gem.wiki/Seyit%C3%B6mer_power_station,Turkey,Kütahya,Seyitömer power station Unit 2,Seyitömer power station,,Çelikler Seyitömer Elektrik Üretim A.Ş.,Çelikler Holding,150,Operating,1974,non-EU Europe,39.5729671,29.8816403
108945,https://www.gem.wiki/Seyit%C3%B6mer_power_station,Turkey,Kütahya,Seyitömer power station Unit 3,Seyitömer power station,,Çelikler Seyitömer Elektrik Üretim A.Ş.,Çelikler Holding,150,Operating,1977,non-EU Europe,39.5729671,29.8816403
108946,https://www.gem.wiki/Seyit%C3%B6mer_power_station,Turkey,Kütahya,Seyitömer power station Unit 4,Seyitömer power station,,Çelikler Seyitömer Elektrik Üretim A.Ş.,Çelikler Holding,150,Mothballed,1989,non-EU Europe,39.5729671,29.8816403
109424,https://www.gem.wiki/Sinop_Akfen_power_station,Turkey,Sinop,Sinop Akfen power station Unit 1,Sinop Akfen power station,,Akfen HES Yatırımları ve Enerji Üretim A.Ş.,Akfen Group,800,Cancelled,,non-EU Europe,41.953,34.83
109425,https://www.gem.wiki/Sinop_Akfen_power_station,Turkey,Sinop,Sinop Akfen power station Unit 2,Sinop Akfen power station,,Akfen HES Yatırımları ve Enerji Üretim A.Ş.,Akfen Group,800,Cancelled,,non-EU Europe,41.953,34.83
109467,https://www.gem.wiki/%C5%9E%C4%B1rnak_Silopi_power_station,Turkey,Şırnak,Şırnak Silopi power station Unit 1,Şırnak Silopi power station,,Silopi Elektrik Üretim,"Ciner Holding (85%), GSD Holding (15%)",135,Operating,2009,non-EU Europe,37.3100249,42.594696
109468,https://www.gem.wiki/%C5%9E%C4%B1rnak_Silopi_power_station,Turkey,Şırnak,Şırnak Silopi power station Unit 2,Şırnak Silopi power station,,Silopi Elektrik Üretim,"Ciner Holding (85%), GSD Holding (15%)",135,Operating,2015,non-EU Europe,37.3100249,42.594696
109469,https://www.gem.wiki/%C5%9E%C4%B1rnak_Silopi_power_station,Turkey,Şırnak,Şırnak Silopi power station Unit 3,Şırnak Silopi power station,,Silopi Elektrik Üretim,"Ciner Holding (85%), GSD Holding (15%)",135,Operating,2015,non-EU Europe,37.3100249,42.594696
109494,https://www.gem.wiki/Soma_Kolin_power_station,Turkey,Manisa,Soma Kolin power station Unit 1,Soma Kolin power station,,Hidro-Gen Enerji İth. İhr. Dağ. Tic.,Kolin Group,255,Operating,2019,non-EU Europe,39.3166082,27.7488988
109496,https://www.gem.wiki/Soma_power_station,Turkey,Manisa,Soma-B power station Unit 1,Soma power station,,Soma Elektrik Üretim,Konya Şeker,165,Mothballed,1981,non-EU Europe,39.1944623,27.6352042
109497,https://www.gem.wiki/Soma_power_station,Turkey,Manisa,Soma-B power station Unit 2,Soma power station,,Soma Elektrik Üretim,Konya Şeker,165,Mothballed,1982,non-EU Europe,39.1944623,27.6352042
109498,https://www.gem.wiki/Soma_power_station,Turkey,Manisa,Soma-B power station Unit 3,Soma power station,,Soma Elektrik Üretim,Konya Şeker,165,Operating,1985,non-EU Europe,39.1944623,27.6352042
109499,https://www.gem.wiki/Soma_power_station,Turkey,Manisa,Soma-B power station Unit 4,Soma power station,,Soma Elektrik Üretim,Konya Şeker,165,Operating,1986,non-EU Europe,39.1944623,27.6352042
109500,https://www.gem.wiki/Soma_power_station,Turkey,Manisa,Soma-B power station Unit 5,Soma power station,,Soma Elektrik Üretim,Konya Şeker,165,Operating,1991,non-EU Europe,39.1944623,27.6352042
109501,https://www.gem.wiki/Soma_power_station,Turkey,Manisa,Soma-B power station Unit 6,Soma power station,,Soma Elektrik Üretim,Konya Şeker,165,Operating,1992,non-EU Europe,39.1944623,27.6352042
110035,https://www.gem.wiki/Teyo_Tufanbeyli_power_station,Turkey,Adana,Teyo Tufanbeyli power station Unit 1,Teyo Tufanbeyli power station,,Teyo Yatırım ve Dış Ticaret A.Ş.,Teyo Yatırım ve Dış Ticaret A.Ş.,350,Shelved,,non-EU Europe,38.2299,36.2481
110036,https://www.gem.wiki/Teyo_Tufanbeyli_power_station,Turkey,Adana,Teyo Tufanbeyli power station Unit 2,Teyo Tufanbeyli power station,,Teyo Yatırım ve Dış Ticaret A.Ş.,Teyo Yatırım ve Dış Ticaret A.Ş.,350,Shelved,,non-EU Europe,38.2299,36.2481
110093,https://www.gem.wiki/Thrace_Integrated_power_station,Turkey,Kırklareli,Trakya Emba power station,Trakya Emba power station,,Enerjisa Enerji Üretim A.Ş.,Enerjisa Enerji Üretim A.Ş.,1200,Cancelled,,non-EU Europe,41.9480915,28.0414795
110303,https://www.gem.wiki/Tosyal%C4%B1_%C4%B0skenderun_power_station,Turkey,Hatay,Tosyalı İskenderun power station,Tosyalı İskenderun power station,,Tosyalı Elektrik Üretim,Tosyalı Holding,1200,Cancelled,,non-EU Europe,36.6971,36.2042
110352,https://www.gem.wiki/Tufanbeyli_power_station,Turkey,Adana,Tufanbeyli power station Unit 1,Tufanbeyli power station,,Enerjisa Enerji Üretim A.Ş.,Enerjisa Enerji Üretim A.Ş.,150,Operating,2016,non-EU Europe,38.18562,36.26994
110353,https://www.gem.wiki/Tufanbeyli_power_station,Turkey,Adana,Tufanbeyli power station Unit 2,Tufanbeyli power station,,Enerjisa Enerji Üretim A.Ş.,Enerjisa Enerji Üretim A.Ş.,150,Operating,2016,non-EU Europe,38.18562,36.26994
110354,https://www.gem.wiki/Tufanbeyli_power_station,Turkey,Adana,Tufanbeyli power station Unit 3,Tufanbeyli power station,,Enerjisa Enerji Üretim A.Ş.,Enerjisa Enerji Üretim A.Ş.,150,Operating,2016,non-EU Europe,38.18562,36.26994
110357,https://www.gem.wiki/Hakan_K%C3%B6m%C3%BCr_power_station,Turkey,Adana,Hakan Kömür power station,Hakan Kömür power station,,Tunas Enerji Elektrik Üretim A.Ş.,Tunas Enerji Elektrik Üretim A.Ş.,100,Cancelled,,non-EU Europe,37.0333,35.8167
110358,https://www.gem.wiki/Tun%C3%A7bilek_%C3%87elikler_power_station,Turkey,Kütahya,Tunçbilek Çelikler power station expansion,Tunçbilek Kütahya power station,,Çelikler Orhaneli Tunçbilek Elektrik Üretim,Çelikler Holding,300,Cancelled,,non-EU Europe,39.619778,29.465881
110359,https://www.gem.wiki/Tun%C3%A7bilek_%C3%87elikler_power_station,Turkey,Kütahya,Tunçbilek Çelikler power station Unit 3,Tunçbilek Kütahya power station,,Çelikler Orhaneli Tunçbilek Elektrik Üretim,Çelikler Holding,65,Mothballed,1965,non-EU Europe,39.6291973,29.4623364
110360,https://www.gem.wiki/Tun%C3%A7bilek_%C3%87elikler_power_station,Turkey,Kütahya,Tunçbilek Çelikler power station Unit 4,Tunçbilek Kütahya power station,,Çelikler Orhaneli Tunçbilek Elektrik Üretim,Çelikler Holding,150,Operating,1977,non-EU Europe,39.6291973,29.4623364
110361,https://www.gem.wiki/Tun%C3%A7bilek_%C3%87elikler_power_station,Turkey,Kütahya,Tunçbilek Çelikler power station Unit 5,Tunçbilek Kütahya power station,,Çelikler Orhaneli Tunçbilek Elektrik Üretim,Çelikler Holding,150,Operating,1978,non-EU Europe,39.6291973,29.4623364
110461,https://www.gem.wiki/Uluk%C3%B6y_power_station,Turkey,Afyon,Uluköy power station Unit 1,Uluköy power station,,KLK Enerji Üretim A.Ş.,"Kolin Group, Limak Holding, Kalyon Group",160,Shelved,,non-EU Europe,38.1999839,30.2705505
110463,https://www.gem.wiki/Umut_power_station,Turkey,Samsun,Umut power station,Umut power station,,TİM Avrasya Yatırım,TİM Avrasya Yatırım,660,Cancelled,2015,non-EU Europe,41.133,37.156
111333,https://www.gem.wiki/Yata%C4%9Fan_power_station,Turkey,Muğla,Yatağan power station Unit 1,Yatağan power station,,Yatagan Termik Santrali,Elsan Elektrik,210,Operating,1984,non-EU Europe,37.3309051,28.1023767
111334,https://www.gem.wiki/Yata%C4%9Fan_power_station,Turkey,Muğla,Yatağan power station Unit 2,Yatağan power station,,Yatagan Termik Santrali,Elsan Elektrik,210,Operating,1984,non-EU Europe,37.3309051,28.1023767
111335,https://www.gem.wiki/Yata%C4%9Fan_power_station,Turkey,Muğla,Yatağan power station Unit 3,Yatağan power station,,Yatagan Termik Santrali,Elsan Elektrik,210,Operating,1986,non-EU Europe,37.3309051,28.1023767
111354,https://www.gem.wiki/Yenik%C3%B6y_power_station,Turkey,Muğla,Yeniköy power station Unit 1,Yeniköy power station,,Yeniköy Kemerköy Elektrik,"IC Holding, Limak Holding",210,Operating,1986,non-EU Europe,37.14019,27.8715401
111355,https://www.gem.wiki/Yenik%C3%B6y_power_station,Turkey,Muğla,Yeniköy power station Unit 2,Yeniköy power station,,Yeniköy Kemerköy Elektrik,"IC Holding, Limak Holding",210,Operating,1987,non-EU Europe,37.14019,27.8715401
111356,https://www.gem.wiki/Yeniyurt_power_station,Turkey,Hatay,Yeniyurt power station,Yeniyurt power station,,Kamertan Madencilik ve Elektrik Üretim,Kamertan Madencilik ve Elektrik Üretim,300,Cancelled,2015,non-EU Europe,36.886,36.151
111371,https://www.gem.wiki/Ye%C5%9Filovac%C4%B1k_power_station,Turkey,Mersin,Yeşilovacık power station,Yeşilovacık power station,,Tabiat Enerji Üretim,Eren Holding,1254,Cancelled,,non-EU Europe,36.2006108,33.6637416
111423,https://www.gem.wiki/Y%C4%B1ld%C4%B1r%C4%B1m_Elaz%C4%B1%C4%9F_power_station,Turkey,Elazığ,Yıldırım Elazığ power station,Yıldırım Elazığ power station,,Yıldırım Enerji Yatırımları,Yıldırım Group,200,Cancelled,,non-EU Europe,38.662,39.772
111469,https://www.gem.wiki/Yuksek_Golovasi_power_station,Turkey,Adana,Yüksek Gölovası power station,Yüksek Gölovası power station,,Yuksek Enerji,Yuksek Enerji,1200,Cancelled,,non-EU Europe,37.368333,35.706111
111483,https://www.gem.wiki/Yumurtal%C4%B1k_IC_%C4%B0%C3%A7ta%C5%9F_power_station,Turkey,Adana,Yumurtalık IC İçtaş power station Unit 1,Yumurtalık IC İçtaş power station,,İÇDAŞ Elektrik Enerjisi Üretim ve Yatırım A.Ş.,IC İbrahim Çeçen Investment Holding,600,Cancelled,,non-EU Europe,36.77,35.79
111500,https://www.gem.wiki/Yunus_Emre_power_station,Turkey,Eskişehir,Yunus Emre power station Unit 1,Yunus Emre power station,,Adularya Enerji,TMSF,145,Construction,2020,non-EU Europe,39.9843086,31.6356393
111501,https://www.gem.wiki/Yunus_Emre_power_station,Turkey,Eskişehir,Yunus Emre power station Unit 2,Yunus Emre power station,,Adularya Enerji,TMSF,145,Construction,2020,non-EU Europe,39.9843086,31.6356393
111520,https://www.gem.wiki/Zafer_power_station,Turkey,Bartın,Zafer power station,Zafer power station,,Alpler Enerji Liman Hizmetleri Madencilik Denizcilik A.Ş,Alpler Enerji Liman Hizmetleri Madencilik Denizcilik A.Ş,1320,Cancelled,,non-EU Europe,41.604444,32.511111
111552,https://www.gem.wiki/ZETES_power_station,Turkey,Zonguldak,ZETES-1 Power Station Unit 1,ZETES power station,,Eren Enerji Elektrik Üretim A.Ş.,Eren Holding,160,Operating,2010,non-EU Europe,41.5074712,31.8949115
111553,https://www.gem.wiki/ZETES_power_station,Turkey,Zonguldak,ZETES-2 Power Station Unit 1,ZETES power station,,Eren Enerji Elektrik Üretim A.Ş.,Eren Holding,615,Operating,2010,non-EU Europe,41.5035684,31.8871813
111554,https://www.gem.wiki/ZETES_power_station,Turkey,Zonguldak,ZETES-2 Power Station Unit 2,ZETES power station,,Eren Enerji Elektrik Üretim A.Ş.,Eren Holding,615,Operating,2010,non-EU Europe,41.5035684,31.8871813
111555,https://www.gem.wiki/ZETES_power_station,Turkey,Zonguldak,ZETES-3 Power Station Unit 1,ZETES power station,,Eren Enerji Elektrik Üretim A.Ş.,Eren Holding,700,Operating,2016,non-EU Europe,41.5137599,31.9092184
111556,https://www.gem.wiki/ZETES_power_station,Turkey,Zonguldak,ZETES-3 Power Station Unit 2,ZETES power station,,Eren Enerji Elektrik Üretim A.Ş.,Eren Holding,700,Operating,2016,non-EU Europe,41.5137599,31.9092184
111557,https://www.gem.wiki/ZETES_power_station,Turkey,Zonguldak,ZETES-4 power station,ZETES power station,,Eren Enerji Elektrik Üretim A.Ş.,Eren Holding,660,Cancelled,,non-EU Europe,41.521,31.929
111746,https://www.gem.wiki/Zonguldak_Modern_power_station,Turkey,Zonguldak,Zonguldak Modern power station,Zonguldak Modern power station,,Modern Enerji Elektrik Üretimi Otoprodüktör Grubu,Eren Holding,320,Cancelled,,non-EU Europe,41.498,31.868
111747,https://www.gem.wiki/Zorlu_Ak%C3%A7akoca_power_station,Turkey,Düzce,Zorlu Akçakoca power station,Zorlu Akçakoca power station,,Zorlu Enerji Elektrik Üretim,Zorlu Group,1220,Cancelled,,non-EU Europe,41.087,31.12
111748,https://www.gem.wiki/Zorlu_Soma_power_station,Turkey,Manisa,Zorlu Soma power station,Zorlu Soma power station,,Zorlu Enerji Elektrik Üretim,Zorlu Group,1220,Cancelled,2015,non-EU Europe,39.186,27.608
111777,https://www.gem.wiki/Amasra_Bart%C4%B1n_power_station,Turkey,Bartın,Amasra Bartın power station Unit 2,Amasra Bartın power station,,Bati Karadeniz Elektrik Üretim A.Ş.,Hattat Holding,600,Cancelled,,non-EU Europe,41.72704,32.34971
112348,https://www.gem.wiki/Star_Refinery_Socar_power_station,Turkey,İzmir,Star Refinery Socar power station (Step I and II),Star Refinery Socar power station,,Socar Power Enerji,State Oil Company of Azerbaijan (SOCAR),672,Cancelled,2021,non-EU Europe,38.817,26.9103
112797,https://www.gem.wiki/%C3%87ay%C4%B1rhan_power_station,Turkey,Ankara,Çayırhan-B power station,Çayırhan power station,,Kolin-Kalyon-Celikler Consortium,"Çelikler Holding, Kalyon Group, Kolin Group",800,Cancelled,,non-EU Europe,40.097,31.695
112798,https://www.gem.wiki/Misis_Adana_power_station,Turkey,Adana,Misis Adana power station,Misis Adana power station,,Çınar Enerji,Çınar Enerji,815,Cancelled,2017,non-EU Europe,36.843,35.86
112799,https://www.gem.wiki/Antes_power_station,Turkey,Muğla,Antes power station,Antes power station,,Ant Enerji,Çalık Holding,160,Shelved,,non-EU Europe,37.366667,28.033333
113110,https://www.gem.wiki/K%C4%B1rklareli_Vize_power_station,Turkey,Tekirdağ,Çerkezköy power station Unit 1,Çerkezköy power station,,EÜAŞ,EÜAŞ,330,Cancelled,,non-EU Europe,41.283333,28
113111,https://www.gem.wiki/Soma_Kolin_power_station,Turkey,Manisa,Soma Kolin power station Unit 2,Soma Kolin power station,,Hidro-Gen Enerji İth. İhr. Dağ. Tic.,Kolin Group,255,Operating,2019,non-EU Europe,39.3166082,27.7488988
113112,https://www.gem.wiki/DETES_1_power_station,Turkey,Zonguldak,DETES 1 power station,DETES 1 power station,,Demir Madencilik,Demir Madencilik,160,Pre-permit,,non-EU Europe,41.498,31.868
113499,https://www.gem.wiki/K%C4%B1rklareli_Vize_power_station,Turkey,Tekirdağ,Çerkezköy power station Unit 2,Çerkezköy power station,,EÜAŞ,EÜAŞ,330,Cancelled,,non-EU Europe,41.283333,28
113500,https://www.gem.wiki/K%C4%B1rklareli_Vize_power_station,Turkey,Tekirdağ,Çerkezköy power station Unit 3,Çerkezköy power station,,EÜAŞ,EÜAŞ,330,Cancelled,,non-EU Europe,41.283333,28
113501,https://www.gem.wiki/Alpu_power_station,Turkey,Eskişehir,Alpu power station Unit 2,Alpu power station,,"EÜAŞ, Turkish Coal Enterprise","EÜAŞ, Turkish Coal Enterprise",360,Pre-permit,,non-EU Europe,39.897,30.862
113786,https://www.gem.wiki/%C4%B0zdemir_Enerji_power_station,Turkey,İzmir,İzdemir Enerji II power station,İzdemir Enerji II power station,,İzdemir Enerji Elektrik Üretim A.Ş.,İDÇ Steel,350,Pre-permit,,non-EU Europe,38.74173,26.92917
113845,https://www.gem.wiki/Yumurtal%C4%B1k_IC_%C4%B0%C3%A7ta%C5%9F_power_station,Turkey,Adana,Yumurtalık IC İçtaş power station Unit 2,Yumurtalık IC İçtaş power station,,İÇDAŞ Elektrik Enerjisi Üretim ve Yatırım A.Ş.,IC İbrahim Çeçen Investment Holding,600,Cancelled,,non-EU Europe,36.77,35.79
113855,https://www.gem.wiki/%C3%87atala%C4%9Fz%C4%B1_power_station,Turkey,Zonguldak,Çatalağzı power station Unit 3,Çatalağzı-B power station,,Bereket Enerji,Bereket Enerji,660,Pre-permit,,non-EU Europe,41.517402,31.900198
113856,https://www.gem.wiki/Helvac%C4%B1_power_station,Turkey,Çanakkale,Helvacı power station,Helvacı power station,,İÇDAŞ Elektrik Enerjisi Üretim ve Yatırım A.Ş.,İÇDAŞ ,270,Shelved,,non-EU Europe,40.08,27.168
113896,https://www.gem.wiki/Yenidere_power_station,Turkey,Denizli,Yenidere power station Unit 1,Yenidere power station,,Yenidere Termik Enerji,Yenidere Termik Enerji,100,Pre-permit,,non-EU Europe,37.458403,28.674831
113897,https://www.gem.wiki/Yenidere_power_station,Turkey,Denizli,Yenidere power station Unit 2,Yenidere power station,,Yenidere Termik Enerji,Yenidere Termik Enerji,100,Pre-permit,,non-EU Europe,37.458403,28.674831
113898,https://www.gem.wiki/Yenidere_power_station,Turkey,Denizli,Yenidere power station Unit 3,Yenidere power station,,Yenidere Termik Enerji,Yenidere Termik Enerji,25,Pre-permit,,non-EU Europe,37.458403,28.674831
113899,https://www.gem.wiki/Yenidere_power_station,Turkey,Denizli,Yenidere power station Unit 4,Yenidere power station,,Yenidere Termik Enerji,Yenidere Termik Enerji,25,Pre-permit,,non-EU Europe,37.458403,28.674831
114021,https://www.gem.wiki/A%C4%9Fan_power_station,Turkey,Çanakkale,Ağan power station Unit 2,Ağan power station,,DD Elektrik,Doğanlar Holding,790,Cancelled,,non-EU Europe,40.44982294,27.30435562
114022,https://www.gem.wiki/Af%C5%9Fin-Elbistan_power_complex,Turkey,Kahramanmaraş,Afşin-Elbistan-C power station Unit 1,Afşin-Elbistan-C power station,,EÜAŞ,EÜAŞ,600,Pre-permit,2024,non-EU Europe,38.350818,37.00706
114023,https://www.gem.wiki/Af%C5%9Fin-Elbistan_power_complex,Turkey,Kahramanmaraş,Afşin-Elbistan-D power station,Afşin-Elbistan-D power station,,EÜAŞ,EÜAŞ,1200,Cancelled,,non-EU Europe,38.350818,37.00706
114024,https://www.gem.wiki/Af%C5%9Fin-Elbistan_power_complex,Turkey,Kahramanmaraş,Afşin-Elbistan-E power station,Afşin-Elbistan-E power station,,EÜAŞ,EÜAŞ,1400,Cancelled,,non-EU Europe,38.350818,37.00706
114025,https://www.gem.wiki/Af%C5%9Fin-Elbistan_power_complex,Turkey,Kahramanmaraş,Afşin-Elbistan-G power station,Afşin-Elbistan-G power station,,EÜAŞ,EÜAŞ,1400,Cancelled,,non-EU Europe,38.350818,37.00706
114256,https://www.gem.wiki/K%C4%B1n%C4%B1k_power_station,Turkey,İzmir,Kınık power station Unit 2,Kınık power station,,Polyak Eynez Enerji Üretim Madencilik Sanayi ve Ticaret,Polyak Eynez Enerji Üretim Madencilik Sanayi ve Ticaret,350,Permitted,2021,non-EU Europe,39.084,27.45
114259,https://www.gem.wiki/Vize_power_station,Turkey,Marmara,Vize power station Unit 1,Vize power station,,Turkish Coal Enterprise (TKI),TBD,330,Cancelled,,non-EU Europe,41.5729962,27.811652
114261,https://www.gem.wiki/Sanko_Yumurtal%C4%B1k_power_station,Turkey,Adana,Sanko Yumurtalık power station Unit 2,Sanko Yumurtalık power station,,Sanko Petrokimya Mam. San. Tic.,Sanko Holding,800,Shelved,,non-EU Europe,36.876,35.894
114287,https://www.gem.wiki/Alpu_power_station,Turkey,Eskişehir,Alpu power station Unit 3,Alpu power station,,"EÜAŞ, Turkish Coal Enterprise","EÜAŞ, Turkish Coal Enterprise",360,Pre-permit,,non-EU Europe,39.897,30.862
114288,https://www.gem.wiki/Biga_power_station,Turkey,Çanakkale,Biga power station Unit 2,Biga power station,,Biga Elektrik,Biga Elektrik,770,Cancelled,,non-EU Europe,40.47233,27.28625
114289,https://www.gem.wiki/HEMA_Amasra_power_station,Turkey,Bartin,HEMA Amasra power station Unit 2,HEMA Amasra power station,,HEMA Elektrik Üretim A.Ş.,Hattat Holding,660,Shelved,,non-EU Europe,41.723,32.349
114290,https://www.gem.wiki/Ilg%C4%B1n_power_station,Turkey,Konya,Ilgın power station Unit 2,Ilgın power station,,Konya Ilgın Elektrik Üretim ve Ticaret,Ciner Holding,250,Permitted,,non-EU Europe,38.26,31.91
114294,https://www.gem.wiki/Vize_power_station,Turkey,Marmara,Vize power station Unit 2,Vize power station,,Turkish Coal Enterprise (TKI),TBD,330,cancelled,,non-EU Europe,41.5729962,27.811652
114295,https://www.gem.wiki/Eren-1_power_station,Turkey,Kırklareli,Eren-1 TES Unit 1,Eren-1 power station,,DEBA madencilik,Deba Madencilik,245,Cancelled,,non-EU Europe,41.632,27.03
114296,https://www.gem.wiki/Eren-1_power_station,Turkey,Kırklareli,Eren-1 TES Unit 2,Eren-1 power station,,DEBA madencilik,Deba Madencilik,245,Cancelled,,non-EU Europe,41.632,27.03
114311,https://www.gem.wiki/Uluk%C3%B6y_power_station,Turkey,Afyon,Uluköy power station Unit 2,Uluköy power station,,KLK Enerji Üretim A.Ş.,"Kolin Group, Limak Holding, Kalyon Group",160,Shelved,,non-EU Europe,38.1999839,30.2705505
114312,https://www.gem.wiki/Uluk%C3%B6y_power_station,Turkey,Afyon,Uluköy power station Unit 3,Uluköy power station,,KLK Enerji Üretim A.Ş.,"Kolin Group, Limak Holding, Kalyon Group",160,Shelved,,non-EU Europe,38.1999839,30.2705505
114313,https://www.gem.wiki/Uluk%C3%B6y_power_station,Turkey,Afyon,Uluköy power station Unit 4,Uluköy power station,,KLK Enerji Üretim A.Ş.,"Kolin Group, Limak Holding, Kalyon Group",160,Shelved,,non-EU Europe,38.1999839,30.2705505
114371,https://www.gem.wiki/%C3%87oban_Y%C4%B1ld%C4%B1z_power_station,Turkey,Konya,Çoban Yıldız power station,Çoban Yıldız power station,,Konya Şeker,Konya Şeker,37,Operating,2013,non-EU Europe,37.5572607,32.8479949
114372,https://www.gem.wiki/Selena_power_station,Turkey,Hatay,Selena power station Unit 2,Selena power station,,Selena Elektrik Üretim A.Ş.,Bendis Enerji,450,Cancelled,,non-EU Europe,36.9214725,36.0475297
114500,https://www.gem.wiki/Diler_Elbistan_power_station,Turkey,Kahramanmaraş,Diler Elbistan power station Unit 2,Diler Elbistan power station,,Diler Elektrik Üretim,Diler Holding,200,Pre-permit,,non-EU Europe,38.17,37.37
114501,https://www.gem.wiki/Atlas_Enerji_power_station,Turkey,Hatay,Atlas Enerji power station Unit 2,Atlas Enerji power station,,Atlas Enerji Üretim A.Ş.,Diler Holding,600,Operating,2014,non-EU Europe,36.69028,36.20909
114512,https://www.gem.wiki/%C5%9E%C4%B1rnak_Galata_power_station,Turkey,Şırnak,Şırnak Galata power station,Şırnak Galata power station,,Galata Enerji Üretim Sanayi ve Ticaret,Global Yatırım Holding,270,Cancelled,,non-EU Europe,37.468,42.391
114522,https://www.gem.wiki/Af%C5%9Fin-Elbistan_power_complex,Turkey,Kahramanmaraş,Afşin-Elbistan-C power station Unit 2,Afşin-Elbistan-C power station,,EÜAŞ,EÜAŞ,600,Pre-permit,2024,non-EU Europe,38.350818,37.00706
114523,https://www.gem.wiki/Af%C5%9Fin-Elbistan_power_complex,Turkey,Kahramanmaraş,Afşin-Elbistan-C power station Unit 3,Afşin-Elbistan-C power station,,EÜAŞ,EÜAŞ,600,Pre-permit,2025,non-EU Europe,38.350818,37.00706
114708,https://www.gem.wiki/Albayrak_Varaka_Paper_power_station,Turkey,Balıkesir,Albayrak Varaka Paper power station,Albayrak Varaka Paper power station,,Varaka Paper,Albayrak Group,42,Operating,2019,non-EU Europe,39.5594741,27.9695355
114711,https://www.gem.wiki/Kipas_MMP_power_station,Turkey,Aydin,Kipas MMP power station,Kipas MMP power station,,Kipas Holding,Kipas Holding,57,Operating,2020,non-EU Europe,37.7671967,27.445695
114712,https://www.gem.wiki/w/index.php?title=Eti_Maden_Bandirma_power_station&action=history,Turkey,Belikisir,Eti Maden Bandirma power station,Eti Maden Bandirma power station,,Etimaden,Etimaden,"49,7",Operating,2014,non-EU Europe,40.3289206,27.9904146
114799,https://www.gem.wiki/Avdan_power_station,Turkey,Denizli,Avdan power station Unit 1,Avdan power station,,Avdan Madencilik Enerji San. ve Tic. A.Ş.,Avdan Madencilik Enerji San. ve Tic. A.Ş.,150,Cancelled,,non-EU Europe,37.7502366,29.094284
114800,https://www.gem.wiki/Avdan_power_station,Turkey,Denizli,Avdan power station Unit 2,Avdan power station,,Avdan Madencilik Enerji San. ve Tic. A.Ş.,Avdan Madencilik Enerji San. ve Tic. A.Ş.,150,Cancelled,,non-EU Europe,37.7502366,29.094284